,CD_REFNIS,TOTAL,OPPERVLAKKTE IN HM²,PostalCode,Area in km²,PopulationDensity
0,11001,14752,1101.9131636539,2630,11.019131636539,1338.76
1,11002,538910,20431.98312727733,"2000,2018,2020,2030,2040,2050,2060,2100,2140,2170,2180,2600,2610,2660",204.3198312727733,2637.58
2,11004,13806,2070.8315231578,"2530,2531",20.708315231578,666.69
3,11005,19062,738.17352854342,2850,7.381735285434201,2582.32
4,11007,11309,390.136906125,2150,3.90136906125,2898.73
5,11008,38575,3858.0604947696997,2930,38.580604947697,999.85
6,11009,30387,9146.5881015059,2960,91.46588101505901,332.22
7,11013,22761,871.7435113123,2650,8.717435113123,2610.97
8,11016,19629,4757.0558164229,2910,47.570558164229,412.63
9,11018,12105,548.05285934368,2620,5.4805285934368,2208.73
10,11021,8444,601.8094873358,2540,6.018094873358,1403.1
11,11022,19422,5941.009924885,2920,59.41009924885,326.91
12,11023,27743,3722.3219801843,2950,37.223219801843,745.31
13,11024,21624,2380.0905634069,2550,23.800905634069,908.54
14,11025,8548,565.0724372742,2547,5.650724372741999,1512.73
15,11029,26391,778.44628824161,2640,7.7844628824161,3390.21
16,11030,10799,534.6498761784001,2845,5.346498761784001,2019.83
17,11035,19609,4367.3913124837,2520,43.673913124837,448.99
18,11037,15417,2015.0709801957,2840,20.150709801957,765.08
19,11038,8662,782.56613261526,2627,7.8256613261526,1106.87
20,11039,20293,3608.9809752616998,2970,36.089809752617,562.29
21,11040,34360,2951.0707482673,2900,29.510707482673002,1164.32
22,11044,18837,2142.2534407989997,2940,21.422534407989996,879.31
23,11050,10432,788.3709488067,2110,7.883709488067,1323.23
24,11052,13230,1299.3836262657,2160,12.993836262657,1018.18
25,11053,21644,8941.2333018229,2990,89.412333018229,242.07
26,11054,13352,4009.9120841373,"2240,2242,2243",40.099120841373,332.97
27,11055,22427,3868.5613283487,2980,38.685613283487,579.72
28,11056,19547,2024.5272194807,2070,20.245272194807,965.51
29,11057,16007,5190.2525517072,2390,51.902525517072,308.41
30,12002,11949,2452.6268765128,2590,24.526268765128002,487.19
31,12005,15458,2919.1355815498,2820,29.191355815498,529.54
32,12007,21982,4618.7662856754,2880,46.187662856753995,475.93
33,12009,17982,2259.8643046168,2570,22.598643046168,795.71
34,12014,44226,8667.365099557499,"2220,2221,2222,2223",86.67365099557499,510.26
35,12021,37909,4985.38920820795,2500,49.853892082079504,760.4
36,12025,88614,6578.819204233259,"2800,2801,2811,2812",65.7881920423326,1346.96
37,12026,23409,3919.5984368362,2560,39.195984368362005,597.23
38,12029,18631,3515.8731250777,2580,35.158731250777,529.91
39,12035,21595,3615.6078512953,"2860,2861",36.156078512953,597.27
40,12040,27773,2736.6185965219897,2830,27.3661859652199,1014.87
41,12041,26772,4913.83712874984,"2870,2890",49.1383712874984,544.83
42,13001,13344,5515.247253227701,2370,55.15247253227701,241.95
43,13002,3012,741.4351381039,2387,7.414351381039,406.24
44,13003,23308,7298.8237577038,"2490,2491",72.988237577038,319.34
45,13004,18416,3736.0346067933,2340,37.360346067933,492.93
46,13006,9805,2744.7234174737,2480,27.447234174737,357.23
47,13008,41828,11019.5668622987,2440,110.195668622987,379.58
48,13010,11519,2836.9046213198,"2280,2288",28.369046213198,406.04
49,13011,28575,4794.8271503258,2200,47.948271503258006,595.95
50,13012,9417,2360.829499818,2270,23.60829499818,398.89
51,13013,14805,5237.2754461728,2230,52.372754461728,282.69
52,13014,22245,10539.6403674462,"2320,2321,2322,2323,2328",105.39640367446201,211.06
53,13016,10564,1737.8929832155,2235,17.378929832155,607.86
54,13017,19478,7227.0977437007,2460,72.270977437007,269.51
55,13019,16871,5962.0226102682,2275,59.620226102682004,282.97
56,13021,10348,3653.9906883311,2450,36.539906883311,283.2
57,13023,8799,4460.6715209227195,2330,44.6067152092272,197.26
58,13025,38159,11454.6676395598,2400,114.54667639559801,333.13
59,13029,12689,2312.4299676822,2250,23.124299676822,548.73
60,13031,14734,3917.0049596655,2360,39.170049596655,376.15
61,13035,15338,9513.5857710108,"2380,2381,2382",95.135857710108,161.22
62,13036,11841,4850.0250821898,2470,48.500250821898,244.14
63,13037,12531,4683.8498440128,2310,46.838498440128,267.54
64,13040,46923,5671.24852168074,2300,56.7124852168074,827.38
65,13044,8044,2762.3847936769,2290,27.623847936769,291.2
66,13046,11802,1183.2902108633,2350,11.832902108633,997.39
67,13049,25466,5546.9578531891,2260,55.469578531891,459.1
68,13053,16707,4243.0590536698,"2430,2431",42.430590536698,393.75
69,21001,125065,1791.43896771506,1070,17.914389677150602,6981.26
70,21002,35346,896.58943715165,1160,8.9658943715165,3942.27
71,21003,25396,295.01306583522,1082,2.9501306583522,8608.43
72,21004,194291,3308.69434422639,"1000,1020,1040,1050,1120,1130",33.0869434422639,5872.14
73,21005,49558,317.42695973031,1040,3.1742695973031,15612.41
74,21006,44255,512.48697862705,1140,5.124869786270501,8635.34
75,21007,57724,629.21538886974,1190,6.2921538886974,9173.97
76,21008,25548,243.77065620411,1083,2.4377065620411,10480.34
77,21009,88521,641.1275770633,1050,6.411275770633,13807.08
78,21010,53704,518.94105609145,1090,5.1894105609145,10348.77
79,21011,22563,118.19459287667,1081,1.1819459287667,19089.71
80,21012,98270,601.5726275379,1080,6.0157262753789995,16335.52
81,21013,49323,253.38465830106,1060,2.5338465830106,19465.66
82,21014,27068,116.06273187735,1210,1.1606273187735001,23321.87
83,21015,130775,790.14278905113,1030,7.9014278905113,16550.81
84,21016,86101,2287.5209648876303,1180,22.875209648876304,3763.94
85,21017,25392,1296.82438873455,1170,12.9682438873455,1958.01
86,21018,59778,729.3670116375,1200,7.293670116375,8195.87
87,21019,42497,894.44494657449,1150,8.944449465744901,4751.21
88,23002,35191,5022.21673816868,"1730,1731",50.2221673816868,700.71
89,23003,26474,3040.184073049,"1650,1651,1652,1653,1654",30.401840730489997,870.8
90,23009,2265,1923.6239194611,1547,19.236239194611002,117.75
91,23016,44650,4147.77837569431,"1700,1701,1702,1703",41.4777837569431,1076.48
92,23023,8912,3528.9175393689,1570,35.289175393689,252.54
93,23024,9428,4021.4673555633,1755,40.214673555633,234.44
94,23025,39368,3867.03178479542,"1850,1851,1852,1853",38.6703178479542,1018.04
95,23027,42047,4498.27406267344,"1500,1501,1502",44.982740626734405,934.74
96,23032,6763,4466.2583625713005,"1540,1541",44.662583625713005,151.42
97,23033,11537,2053.4530956681,1560,20.534530956681003,561.83
98,23038,12445,3364.8172536047,1910,33.648172536047,369.86
99,23039,9659,1536.73342008524,1880,15.3673342008524,628.54
100,23044,13877,1017.4823224914,1770,10.174823224914,1363.86
101,23045,19288,3652.8133735153997,1840,36.528133735154,528.03
102,23047,16486,1149.5633909681,"1830,1831,1931",11.495633909681,1434.11
103,23050,20239,3506.58442246893,"1860,1861",35.0658442246893,577.17
104,23052,17740,3690.2712346959997,1785,36.90271234696,480.72
105,23060,14890,1991.9602045234,1745,19.919602045234,747.5
106,23062,25978,4498.82508058324,3090,44.98825080583241,577.44
107,23064,4567,3592.88251202216,"1670,1671,1673,1674",35.9288251202216,127.11
108,23077,36052,4066.90196228709,"1600,1601,1602",40.6690196228709,886.47
109,23081,12614,2362.8586952224,1820,23.628586952224,533.84
110,23086,16488,2471.0414656218,"1740,1741,1742",24.710414656218,667.25
111,23088,46993,2157.3636081937702,"1800,1804",21.573636081937703,2178.26
112,23094,36408,2772.58075022791,"1930,1932,1933",27.7258075022791,1313.14
113,23096,23357,4322.92630696128,"1804,1980,1981,1982",43.2292630696128,540.31
114,23097,11866,2191.9256106182,"1760,1761",21.919256106182,541.35
115,23098,5851,249.60219189080001,1620,2.496021918908,2344.13
116,23099,14051,583.64312157419,1950,5.8364312157419,2407.46
117,23100,4640,418.91443048694003,1630,4.189144304869401,1107.62
118,23101,18739,2275.0865650292,1640,22.750865650292,823.66
119,23102,17743,877.3202180722,1780,8.773202180722,2022.41
120,23103,14608,686.40235767443,1970,6.864023576744301,2128.2
121,23104,9431,3112.4292922871,1750,31.124292922871,303.01
122,23105,13556,1792.2170876028,1790,17.922170876027998,756.38
123,24001,30854,6304.57676153793,"3200,3201,3202",63.045767615379305,489.39
124,24007,10487,1765.5417152489,3130,17.655417152489,593.98
125,24008,6672,3728.1219071775995,"3460,3461",37.28121907177599,178.96
126,24009,10276,2999.0630339314,"3060,3061",29.990630339314,342.64
127,24011,10469,3896.5473213605,3360,38.965473213605,268.67
128,24014,13263,1877.2369478035,"3190,3191",18.772369478035,706.52
129,24016,8527,3114.0571093746003,3370,31.140571093746004,273.82
130,24020,24677,5871.8334192148095,"3290,3293,3294",58.7183341921481,420.26
131,24028,6263,3551.7667426041,"3450,3454",35.517667426041,176.33
132,24033,15425,3073.9503486301,3150,30.739503486301,501.8
133,24038,22723,3273.579480814,3020,32.73579480814,694.13
134,24041,6797,3412.817913589,"3320,3321",34.12817913589,199.16
135,24043,10158,3877.8198894077,"3220,3221",38.778198894077,261.95
136,24045,10080,3994.6052958121,3040,39.946052958121,252.34
137,24048,13196,1854.2847062590001,3140,18.542847062590003,711.65
138,24054,7970,4943.7690519097,"3470,3471,3472,3473",49.437690519096996,161.21
139,24055,20920,3470.3241358578,"3070,3071,3078",34.703241358578,602.83
140,24059,16284,5330.2266966854095,"3400,3401,3404",53.3022669668541,305.5
141,24062,103009,5750.91763239908,"3000,3001,3010,3012,3018",57.5091763239908,1791.18
142,24066,14911,4528.1273713636,"3210,3211,3212",45.281273713636004,329.3
143,24086,11545,3118.2904308411,"3050,3051,3052,3053,3054",31.182904308411,370.23
144,24094,17499,3722.1237232048,"3110,3111,3118",37.221237232048004,470.13
145,24104,23101,3362.0065576818,3080,33.620065576818,687.12
146,24107,36282,7277.2287513751,3300,72.772287513751,498.57
147,24109,15338,2189.0827072737,"3120,3128",21.890827072737004,700.66
148,24130,8668,4684.508669804,3440,46.84508669804001,185.04
149,24133,7317,3687.1150614335,3350,36.871150614335,198.45
150,24134,23705,5114.8425022412,"3270,3271,3272",51.148425022412006,463.46
151,24135,11440,4452.2964536252,"3390,3391",44.522964536252005,256.95
152,24137,5426,2699.1678778806,"3380,3381,3384",26.991678778806,201.02
153,25005,7232,3856.94387689551,1320,38.5694387689551,187.51
154,25014,40469,5232.2166623841895,"1420,1421,1428",52.322166623841895,773.46
155,25015,10671,2274.9487542127,1440,22.749487542127,469.07
156,25018,11813,4832.6291621768,1325,48.326291621768,244.44
157,25023,10750,2687.58467482666,1490,26.8758467482666,399.99
158,25031,15915,9035.10649849095,"1470,1471,1472,1473,1474,1476",90.3510649849095,176.15
159,25037,14067,5555.4530341232,1390,55.554530341232,253.21
160,25043,5614,3890.85895304,1315,38.9085895304,144.29
161,25044,7039,3502.79091789256,"1460,1461",35.027909178925604,200.95
162,25048,14789,7373.3040056914,1370,73.73304005691399,200.57
163,25050,7564,1551.6840559931,1310,15.516840559931,487.47
164,25068,8361,1872.47754607492,1435,18.7247754607492,446.52
165,25072,29018,6083.3177676947,"1400,1401,1402,1404",60.833177676947,477.01
166,25084,9639,5117.0722968928,1360,51.170722968928004,188.37
167,25091,23115,1756.0635696084,"1330,1331,1332",17.560635696084002,1316.3
168,25105,28057,3277.1956667783998,1480,32.771956667783996,856.13
169,25107,11118,4803.1249566261,1495,48.031249566261,231.47
170,25110,30477,2132.45295776891,1410,21.324529577689102,1429.2
171,25112,35444,4211.3876674655,"1300,1301",42.113876674655,841.62
172,25117,7742,3157.0211398824,1450,31.570211398824,245.23
173,25118,3789,1698.2624627617001,1357,16.982624627617003,223.11
174,25119,14313,4757.0857678399,1380,47.570857678399,300.88
175,25120,9097,5079.86921141732,1350,50.7986921141732,179.08
176,25121,31526,3340.10034575833,"1340,1341,1342,1348",33.4010034575833,943.86
177,25122,6667,4907.80360161199,1367,49.0780360161199,135.84
178,25123,11081,3926.1026921279,1430,39.261026921279,282.24
179,25124,7567,3808.1422878835,1457,38.081422878835,198.71
180,31003,16131,7242.322783310799,8730,72.423227833108,222.73
181,31004,20511,1901.85610174558,8370,19.0185610174558,1078.47
182,31005,119541,14098.99752618754,"8000,8200,8310,8380",140.9899752618754,847.87
183,31006,11146,9036.3611662214,8340,90.36361166221401,123.35
184,31012,14539,5386.1499652527,8490,53.861499652527,269.93
185,31022,24200,8012.7506678119,8020,80.127506678119,302.02
186,31033,20782,4532.5672905886,8820,45.325672905886,458.5
187,31040,23391,6066.0519849366,"8210,8211",60.660519849366004,385.61
188,31042,2751,4889.76851981876,8377,48.8976851981876,56.26
189,31043,32645,6159.4089542419,"8300,8301",61.594089542419,530.0
190,32003,17174,15073.87609454142,8600,150.7387609454142,113.93
191,32006,10332,5602.1851171895005,8650,56.02185117189501,184.43
192,32010,8870,3943.97853359652,8680,39.4397853359652,224.9
193,32011,12873,5543.2407059915095,8610,55.43240705991509,232.23
194,32030,3237,6339.8207954077,8647,63.398207954077,51.06
195,33011,35387,13145.75335627384,"8900,8902,8904,8906,8908",131.4575335627384,269.19
196,33016,1074,359.63681400030003,8957,3.5963681400030003,298.63
197,33021,19947,12037.3320334497,"8970,8972,8978",120.37332033449701,165.71
198,33029,19190,4376.8811691136,8940,43.768811691136,438.44
199,33037,12658,6809.2763207851,8980,68.09276320785101,185.89
200,33039,7958,9479.1562665979,"8950,8951,8952,8953,8954,8956,8958",94.791562665979,83.95
201,33040,8015,5306.8002802263,8920,53.068002802263,151.03
202,33041,3611,3857.6029935619,8640,38.576029935619,93.61
203,34002,15222,4235.4124736719,"8570,8572,8573",42.35412473671901,359.4
204,34003,10319,2211.88482550318,"8580,8581,8582,8583",22.1188482550318,466.53
205,34009,12561,1697.3613181128999,8540,16.973613181129,740.03
206,34013,29574,2939.8786152565,"8530,8531",29.398786152565,1005.96
207,34022,78944,8069.49767639247,"8500,8501,8510,8511",80.6949767639247,978.3
208,34023,14033,1011.1942005988001,8520,10.111942005988,1387.77
209,34025,5863,1326.93105642,8860,13.2693105642,441.85
210,34027,34322,3316.35667643137,8930,33.1635667643137,1034.93
211,34040,39488,4450.0524248766,"8790,8791,8792,8793",44.500524248766,887.36
212,34041,31795,3913.8426130574003,8560,39.138426130574004,812.37
213,34042,25558,6361.13241842716,"8550,8551,8552,8553,8554",63.6113241842716,401.78
214,34043,2056,1081.5236385434,8587,10.815236385434,190.1
215,35002,18081,1425.2306607778999,8450,14.252306607779,1268.64
216,35005,12265,4284.10674124049,8470,42.841067412404904,286.29
217,35006,14355,4577.87943879076,8480,45.7787943879076,313.57
218,35011,19755,7903.98639626409,"8430,8431,8432,8433,8434",79.03986396264091,249.94
219,35013,72175,4095.48605506887,8400,40.9548605506887,1762.31
220,35014,9911,3559.96126653163,8460,35.5996126653163,278.4
221,35029,12782,4614.3202168036805,"8420,8421",46.14320216803681,277.01
222,36006,10142,3810.9141503195,8830,38.109141503195005,266.13
223,36007,11454,1642.7065105893,8770,16.427065105893,697.26
224,36008,29013,2563.51931589184,8870,25.6351931589184,1131.76
225,36010,9770,2483.2454676574,8880,24.832454676574,393.44
226,36011,9166,2615.866709733,8810,26.15866709733,350.4
227,36012,11451,3544.7842291546,8890,35.447842291546,323.04
228,36015,65468,6039.73470378575,8800,60.3973470378575,1083.95
229,36019,11639,4681.5479554785,8840,46.815479554785,248.61
230,37002,8632,2608.988742305,8720,26.08988742305,330.86
231,37007,11100,2949.0803953029,8760,29.490803953029,376.39
232,37010,8021,1672.7992977161,8780,16.727992977161,479.5
233,37011,6834,3468.61616734692,8740,34.6861616734692,197.02
234,37012,5504,3062.3063012212,8755,30.623063012212,179.73
235,37015,20701,6885.1207543058,8700,68.851207543058,300.66
236,37017,10013,2191.45253741673,8710,21.9145253741673,456.91
237,37018,15039,6853.8201927392,8750,68.53820192739201,219.43
238,37020,9338,3491.9090874753,"8850,8851",34.919090874753,267.42
239,38002,5054,8070.91956170546,"8690,8691",80.7091956170546,62.62
240,38008,11089,2662.82327497311,8660,26.6282327497311,416.44
241,38014,21664,5036.0802639127,8670,50.360802639126995,430.18
242,38016,11493,3328.4018696087,8620,33.284018696087,345.3
243,38025,12419,9720.87680874824,8630,97.20876808748241,127.76
244,41002,90068,7865.71171917605,"9300,9308,9310,9320",78.6571171917605,1145.07
245,41011,20973,1386.5140408638,"9470,9472,9473",13.865140408637998,1512.64
246,41018,34724,8005.63010733651,"9500,9506",80.0563010733651,433.74
247,41024,19281,3051.9642838211003,"9450,9451",30.519642838211002,631.76
248,41027,18715,4790.57383933666,"9550,9551,9552",47.905738393366605,390.66
249,41034,19160,2989.30649153092,9340,29.8930649153092,640.95
250,41048,40093,7311.97214546064,"9400,9401,9402,9403,9404,9406",73.11972145460639,548.32
251,41063,10658,2705.3235757813,"9520,9521",27.053235757813,393.96
252,41081,27677,5746.2381601679,9620,57.462381601679,481.65
253,41082,20843,3441.2404680211,9420,34.412404680211,605.68
254,42003,15446,3822.88884261318,9290,38.228888426131796,404.04
255,42004,14887,2564.2302020153,9255,25.642302020153004,580.56
256,42006,46916,5652.4110795453,9200,56.524110795453,830.02
257,42008,25368,4053.4063411919,9220,40.534063411919,625.84
258,42010,12528,3258.1223782947,9270,32.581223782947,384.52
259,42011,19925,2730.29829476,9280,27.3029829476,729.77
260,42023,11177,3226.8505041779,9250,32.268505041779,346.37
261,42025,26748,3701.87687993114,9230,37.0187687993114,722.55
262,42026,11960,2319.7173804553,9260,23.197173804553,515.58
263,42028,21374,3327.6068306082,9240,33.276068306082,642.32
264,43002,14636,8749.9810723185,"9960,9961,9968",87.499810723185,167.27
265,43005,22140,3044.937106388,9900,30.449371063879997,727.11
266,43007,6587,3363.9571996542,"9970,9971",33.639571996542,195.81
267,43010,24615,9562.69869940208,"9990,9991,9992",95.62698699402081,257.41
268,43014,7041,7453.6349125147,"9980,9981,9982,9988",74.536349125147,94.46
269,43018,13543,1376.7748368372,9060,13.767748368371999,983.68
270,44012,11116,1778.1722390662999,9840,17.781722390663,625.14
271,44013,19097,2670.5262980958,9070,26.705262980958,715.1
272,44019,36557,7537.5929947945,9940,75.375929947945,485.0
273,44020,13217,3159.7669131111998,9890,31.597669131112,418.29
274,44021,268122,15777.14946920609,"9000,9030,9031,9032,9040,9041,9042,9050,9051,9052",157.7714946920609,1699.43
275,44034,23073,6066.0017181113,9080,60.660017181113,380.37
276,44040,11960,1533.8981954998999,9090,15.338981954999,779.71
277,44043,25200,3700.1969369107,9820,37.001969369107,681.04
278,44045,6724,3792.9583402416997,9180,37.929583402416995,177.28
279,44048,12214,3543.5532322925,9810,35.435532322925,344.68
280,44052,14024,4356.9649534557,9860,43.569649534557,321.88
281,44064,8257,1445.2115346451,"9830,9831",14.452115346451,571.34
282,44073,7837,3463.1806185181003,9185,34.631806185181006,226.29
283,44081,16000,3276.1560374519004,9870,32.76156037451901,488.38
284,44083,44930,12802.914842299,"9800,9850",128.02914842299,350.94
285,44084,29529,11985.0747615045,"9880,9881,9910",119.85074761504501,246.38
286,44085,26979,8078.1161141387,"9920,9921,9930,9931,9932,9950",80.781161141387,333.98
287,45035,32482,6892.02482739276,9700,68.9202482739276,471.3
288,45041,27075,3470.0502259008,9600,34.700502259008,780.25
289,45059,15007,5696.37746835017,"9660,9661",56.9637746835017,263.45
290,45060,6874,3063.4941870579,9690,30.634941870579002,224.38
291,45061,6552,4247.2518581542,9790,42.472518581542,154.26
292,45062,2036,1124.7480228854,9667,11.247480228854,181.02
293,45063,6805,2631.6611551068,"9570,9571,9572",26.316611551068,258.58
294,45064,6340,4615.50340388382,"9680,9681,9688",46.1550340388382,137.36
295,45065,8320,3387.8257668688198,"9630,9636",33.8782576686882,245.59
296,45068,15952,7158.9747604686,"9750,9770,9771,9772",71.589747604686,222.83
297,46003,50300,15268.6862486269,"9120,9130",152.686862486269,329.43
298,46013,17056,3352.81120607194,9150,33.5281120607194,508.71
299,46014,43064,6824.2208028867,9160,68.242208028867,631.05
300,46020,19932,5548.93436429811,9170,55.489343642981105,359.2
301,46021,81138,8419.9383843064,"9100,9111,9112",84.19938384306401,963.64
302,46024,19273,4526.4784858967005,9190,45.264784858967005,425.78
303,46025,31191,4009.6983502018,9140,40.096983502018006,777.89
304,51004,29946,12790.10032680504,"7800,7801,7802,7803,7804,7810,7811,7812,7822,7823",127.90100326805042,234.13
305,51008,14289,6226.5532992959,"7970,7971,7972,7973",62.265532992958995,229.48
306,51009,11932,4380.9605093944,"7320,7321,7322",43.809605093944,272.36
307,51012,3823,2858.7174200532,"7940,7941,7942,7943",28.587174200532,133.73
308,51014,7045,4737.113566692839,"7950,7951",47.371135666928396,148.72
309,51017,5969,4511.3743787816,7890,45.113743787816006,132.31
310,51019,3422,2327.615401404,7880,23.27615401404,147.02
311,51065,12100,11286.59205178245,"7910,7911,7912",112.8659205178245,107.21
312,51067,14347,3939.70892748479,7850,39.3970892748479,364.16
313,51068,8420,6857.46616132431,7830,68.5746616132431,122.79
314,51069,18865,7267.2648461809995,"7860,7861,7862,7863,7864,7866",72.67264846181,259.59
315,52010,14816,1820.6585340782,7160,18.206585340782002,813.77
316,52011,203785,10294.93186631438,"6000,6001,6010,6020,6030,6031,6032,6040,6041,6042,6043,6044,6060,6061",102.9493186631438,1979.47
317,52012,35512,2734.63367077653,6200,27.3463367077653,1298.6
318,52015,31299,4452.58682701929,"6180,6181,6182,6183",44.525868270192895,702.94
319,52018,11335,1036.5461547383,6240,10.365461547383,1093.54
320,52021,22832,5947.63530023453,"6220,6221,6222,6223,6224",59.476353002345306,383.88
321,52022,18041,2866.0788880406,"6140,6141,6142",28.660788880406,629.47
322,52025,12831,4768.54510861006,6280,47.685451086100606,269.08
323,52048,10116,1523.0610569792,"6110,6111",15.230610569792,664.19
324,52055,17549,5610.26148639357,"6230,6238",56.1026148639357,312.8
325,52074,10903,2242.506055459,6250,22.42506055459,486.2
326,52075,9540,4296.79407212808,"6210,6211",42.967940721280804,222.03
327,53014,20096,2007.64245205813,"7300,7301",20.0764245205813,1000.98
328,53020,16578,3362.07617519285,7370,33.6207617519285,493.09
329,53028,21792,2609.1585061102,7080,26.091585061102002,835.21
330,53039,6797,2641.30866852524,7350,26.413086685252402,257.33
331,53044,10866,5817.8344878439,7050,58.178344878439006,186.77
332,53046,4678,4982.6393197731995,7870,49.826393197731996,93.89
333,53053,96465,14756.07481626222,"7000,7010,7011,7012,7020,7021,7022,7024,7030,7031,7032,7033,7034",147.56074816262222,653.73
334,53065,18996,1120.9409890523,7390,11.209409890523,1694.65
335,53068,6852,2148.23870153308,"7380,7382",21.4823870153308,318.96
336,53070,23665,7058.66565581451,"7330,7331,7332,7333,7334",70.5866565581451,335.26
337,53082,20659,1374.59035243694,7340,13.745903524369401,1502.92
338,53083,5148,4427.178206318,7387,44.27178206318,116.28
339,53084,8105,6538.49687521818,"7040,7041",65.3849687521818,123.96
340,55004,23133,8486.8106048868,7090,84.868106048868,272.58
341,55035,8812,4341.305599064,7070,43.41305599064,202.98
342,55040,28741,11126.8598155408,"7060,7061,7062,7063",111.268598155408,258.3
343,55050,11484,3486.08721929522,"7190,7191",34.8608721929522,329.42
344,55085,11520,6377.055936613,"7180,7181",63.77055936613,180.65
345,55086,23928,1943.09854137096,7170,19.4309854137096,1231.44
346,56001,12601,1719.6097259214,6150,17.196097259214,732.78
347,56005,7166,9347.82818723453,"6500,6511",93.4782818723453,76.66
348,56016,9716,19860.40815401582,"6460,6461,6462,6463,6464",198.60408154015818,48.92
349,56022,10043,4454.42458583786,6560,44.5442458583786,225.46
350,56029,4053,8654.462783683659,"6440,6441",86.5446278368366,46.83
351,56044,5919,3223.0426460539597,"6540,6542,6543",32.2304264605396,183.65
352,56049,4224,3053.2238492934002,6567,30.532238492934002,138.35
353,56051,5296,8600.8781857173,"6590,6591,6592,6593,6594,6596",86.008781857173,61.58
354,56078,14922,7665.6382607266005,"6530,6531,6532,6533,6534,6536",76.65638260726601,194.66
355,56086,13811,4570.615732244491,6120,45.70615732244491,302.17
356,56088,4858,7355.69583953712,6470,73.55695839537121,66.04
357,57003,7639,3133.12737934477,"7640,7641,7642,7643",31.3312737934477,243.81
358,57018,5684,6748.7465540422,7760,67.487465540422,84.22
359,57027,10622,3208.2577083951,7730,32.082577083951,331.08
360,57062,5901,3314.9025996639,"7740,7742,7743",33.149025996639004,178.01
361,57064,17235,6100.26525428486,"7600,7601,7602,7603,7604,7608",61.0026525428486,282.53
362,57072,5298,2401.4184848575,"7610,7611,7618",24.014184848575002,220.62
363,57081,68710,21534.61128357472,"7500,7501,7502,7503,7504,7506,7520,7521,7522,7530,7531,7532,7533,7534,7536,7538,7540,7542,7543,7548",215.3461128357472,319.07
364,57093,8152,4654.62733635626,"7620,7621,7622,7623,7624",46.5462733635626,175.14
365,57094,14097,7446.38457954141,"7900,7901,7903,7904,7906",74.4638457954141,189.31
366,57095,3804,2715.8588095878,7750,27.158588095878,140.07
367,57096,59563,4062.36288667971,"7700,7711,7712",40.6236288667971,1466.22
368,57097,18336,6134.0339232816095,"7780,7781,7782,7783,7784",61.3403392328161,298.92
369,58001,81382,6455.8379528305995,"7100,7110",64.55837952830599,1260.6
370,58002,33649,6122.32191219947,"7130,7131,7133,7134",61.2232191219947,549.61
371,58003,7951,7329.47624143887,7120,73.2947624143887,108.48
372,58004,19231,2037.78224832498,"7140,7141",20.3778224832498,943.72
373,61003,14514,2766.2975477426,4540,27.662975477426,524.67
374,61010,3299,3261.6495750294,4210,32.616495750294,101.15
375,61012,4846,7950.2155442113,4560,79.502155442113,60.95
376,61019,5116,5706.38118578463,4190,57.063811857846304,89.65
377,61024,3806,2775.3733660503,"4180,4181",27.753733660503,137.13
378,61028,5585,3841.0396255527,"4217,4218",38.410396255527,145.4
379,61031,21680,4763.69995584378,4500,47.6369995584378,455.11
380,61039,5548,3015.6098654054003,4570,30.156098654054006,183.98
381,61041,4219,4042.4117735023,4577,40.424117735023,104.37
382,61043,5796,3612.9287740884,4550,36.129287740884,160.42
383,61048,2828,4023.9085132944,4590,40.239085132944005,70.28
384,61063,4312,2439.7482683195,4537,24.397482683194998,176.74
385,61068,6764,3286.4346663653,4530,32.864346663653,205.82
386,61072,14079,4403.56194549968,4520,44.035619454996805,319.72
387,61079,4254,3731.7400540129,"4160,4161,4162,4163",37.317400540129,114.0
388,61080,6310,2774.47947588101,4480,27.744794758810098,227.43
389,61081,2746,3725.6337135698,4557,37.256337135698,73.71
390,62003,28764,2334.6727036533703,"4430,4431,4432",23.346727036533704,1232.04
391,62006,9231,2721.5514573216,"4340,4342",27.215514573216,339.18
392,62009,12783,7991.92528406782,4920,79.9192528406782,159.95
393,62011,9052,3820.6669777251,4690,38.206669777251,236.92
394,62015,11996,728.54076957754,4610,7.2854076957754,1646.58
395,62022,20572,2545.7815174998,"4050,4051,4052,4053",25.457815174998,808.08
396,62026,5334,2263.2334275634,"4170,4171",22.632334275633998,235.68
397,62027,7666,3610.94505626955,"4606,4607,4608",36.1094505626955,212.3
398,62032,12800,3413.2045428745,4130,34.132045428745,375.01
399,62038,16296,1368.3894783474,"4620,4621,4623,4624",13.683894783474,1190.89
400,62051,40666,2335.8807787269297,"4040,4041,4042",23.3588077872693,1740.93
401,62060,9740,3547.52404793371,"4450,4451,4452,4453,4458",35.4752404793371,274.56
402,62063,195346,6865.13112913437,"4000,4020,4030,4031,4032",68.6513112913437,2845.48
403,62079,25690,3609.02829337771,"4680,4681,4682,4683,4684",36.0902829337771,711.83
404,62093,24352,690.5766767739,4420,6.905766767739,3526.33
405,62096,64035,3524.69785953654,"4100,4101,4102",35.2469785953654,1816.75
406,62099,17322,2719.3315493361,"4630,4631,4632,4633",27.193315493361002,636.99
407,62100,15159,7446.24919476652,"4140,4141",74.4624919476652,203.58
408,62108,18060,2772.82784389511,"4600,4601,4602",27.7282784389511,651.32
409,62118,23050,3417.28952523779,4460,34.1728952523779,674.51
410,62119,13440,2607.89408522884,"4670,4671,4672",26.0789408522884,515.36
411,62120,26850,3656.83522014978,4400,36.5683522014978,734.24
412,62121,9994,3174.3592632616,"4120,4121,4122",31.743592632616,314.84
413,62122,7871,2425.88599311155,4870,24.2588599311155,324.46
414,63001,5599,12588.53492163086,"4770,4771",125.88534921630861,44.48
415,63003,4200,1884.99487556818,4880,18.8499487556818,222.81
416,63004,4518,8564.72984745616,4837,85.6472984745616,52.75
417,63012,5510,15067.5363052398,"4760,4761",150.675363052398,36.57
418,63013,5723,9704.12434205171,4750,97.04124342051709,58.97
419,63020,15249,1397.1962647004,"4820,4821",13.971962647004,1091.4
420,63023,20082,9599.900351569851,"4700,4701",95.99900351569852,209.19
421,63035,17842,5684.078289575889,"4650,4651,4652,4653,4654",56.84078289575889,313.89
422,63038,8759,10693.6534956955,4845,106.936534956955,81.91
423,63040,11333,1803.93696737446,"4720,4721,4728",18.0393696737446,628.24
424,63045,3637,9234.253348196351,4990,92.34253348196351,39.39
425,63046,5648,2464.41947702422,"4830,4831,4834",24.6441947702422,229.18
426,63048,6008,2870.876493002,"4710,4711",28.708764930020003,209.27
427,63049,12894,10036.88900406132,4960,100.36889004061321,128.47
428,63057,4082,1603.81556822228,4877,16.0381556822228,254.52
429,63058,9280,2489.63573925231,"4860,4861",24.8963573925231,372.75
430,63061,11119,7281.5098425722,"4730,4731",72.815098425722,152.7
431,63067,10035,14715.165871925221,"4780,4782,4783,4784",147.15165871925223,68.19
432,63072,9890,3985.0320584416,4900,39.850320584416004,248.18
433,63073,7247,8514.00088459422,4970,85.14000884594219,85.12
434,63075,3190,10854.16065877058,4987,108.5416065877058,29.39
435,63076,11972,8347.9857540689,4910,83.47985754068901,143.41
436,63079,55156,3300.8434438058002,"4800,4801,4802",33.008434438058,1670.97
437,63080,7542,9755.78061957422,4950,97.5578061957422,77.31
438,63084,10515,2472.2004586776,"4840,4841",24.722004586776002,425.33
439,63086,2517,6882.8723090507,"4980,4983",68.828723090507,36.57
440,63087,3974,10984.480902083109,"4790,4791",109.8448090208311,36.18
441,63088,10745,5317.12033254297,"4850,4851,4852",53.1712033254297,202.08
442,63089,5652,2864.29055264559,4890,28.642905526455902,197.33
443,64008,3336,1450.8269076524,4257,14.508269076524,229.94
444,64015,6484,4405.0451946286,"4260,4261,4263",44.050451946286,147.19
445,64021,3540,1696.9558141951,4367,16.969558141951,208.61
446,64023,3144,2345.1746191169,4357,23.451746191169,134.06
447,64025,3429,1945.2840207622799,4347,19.4528402076228,176.27
448,64029,3559,2360.2907921457,"4250,4252,4253,4254",23.602907921457,150.79
449,64034,17026,8649.4685921446,4280,86.494685921446,196.84
450,64047,3351,1473.3301497368,4287,14.733301497368,227.44
451,64056,4025,1949.7051093651999,4360,19.497051093652,206.44
452,64063,6062,2282.7196273188,"4350,4351",22.827196273188,265.56
453,64065,7195,2092.8099041651,4470,20.928099041651,343.8
454,64074,15455,3089.04967691546,4300,30.890496769154602,500.32
455,64075,3144,2448.1000632393,4219,24.481000632393002,128.43
456,64076,4079,2852.661973784,4317,28.52661973784,142.99
457,71002,8214,2212.8901914592,"3665,3668",22.128901914592003,371.19
458,71004,47895,7856.2251983664,"3580,3581,3582,3583",78.562251983664,609.64
459,71011,19423,4141.0365393648,3590,41.410365393648,469.04
460,71016,67573,8757.25291750979,3600,87.5725291750979,771.62
461,71017,8670,5634.3288931709,"3890,3891",56.343288931709004,153.88
462,71020,9557,3659.6815317213,3545,36.596815317213,261.14
463,71022,80351,10268.9667565497,"3500,3501,3510,3511,3512",102.689667565497,782.46
464,71024,12817,4302.9218207413,3540,43.029218207412995,297.87
465,71034,16407,2259.7309794643998,"3970,3971",22.597309794643998,726.06
466,71037,15366,5370.02459018266,3560,53.700245901826605,286.14
467,71045,7190,2250.9817535478,3850,22.509817535478,319.42
468,71053,41353,10711.87307049658,"3800,3803,3806",107.1187307049658,386.05
469,71057,18838,5164.2533347142,3980,51.642533347142,364.78
470,71066,21653,3967.4661698074,3520,39.674661698074004,545.76
471,71067,7345,3211.2855904058,3690,32.112855904058,228.72
472,71069,11337,3278.819325138,3945,32.78819325138,345.76
473,71070,34623,5339.9392857007,3550,53.399392857007,648.38
474,72003,13743,5928.8920514955,3950,59.288920514955,231.8
475,72004,16695,6498.307444663959,3960,64.98307444663959,256.91
476,72018,12330,5480.3787497556295,3640,54.8037874975563,224.98
477,72020,34826,10227.94827079129,3920,102.2794827079129,340.5
478,72021,25737,7718.41637108401,3680,77.18416371084011,333.45
479,72030,16534,8723.5997177652,3990,87.23599717765201,189.53
480,72037,14458,4373.0053127913,3930,43.730053127912996,330.62
481,72038,12914,7667.76817998813,"3940,3941",76.6776817998813,168.42
482,72039,30960,7822.8654876576,3530,78.228654876576,395.76
483,72041,21305,6588.51828675097,3650,65.8851828675097,323.37
484,72042,23791,11637.0651216037,"3660,3670",116.370651216037,204.44
485,72043,34100,8378.473461088,"3900,3910",83.78473461088001,407.0
486,73001,11839,2823.5493586452,3570,28.235493586451998,419.29
487,73006,32644,7597.996521947,"3740,3742,3746",75.97996521947,429.64
488,73009,11455,5132.2342194849,3840,51.322342194849,223.2
489,73022,7554,5306.0418098681,3870,53.060418098681005,142.37
490,73028,77,134.7357085736,3717,1.347357085736,57.15
491,73032,9921,3010.3638181633,"3730,3732",30.103638181633002,329.56
492,73040,8726,3398.7009010662,"3720,3721,3722,3723,3724",33.987009010662,256.75
493,73042,26270,5895.37675179525,"3620,3621",58.9537675179525,445.6
494,73066,16850,5805.68877018535,3770,58.056887701853505,290.23
495,73083,31915,8781.39966091113,3700,87.8139966091113,363.44
496,73098,7473,2680.2944586308,"3830,3831,3832",26.802944586308,278.81
497,73107,39914,7684.9955231255,"3630,3631",76.849955231255,519.38
498,73109,4387,5060.8835787605,"3790,3791,3792,3793,3798",50.608835787605,86.68
499,81001,31222,11905.98054957902,"6700,6704,6706",119.05980549579021,262.24
500,81003,5730,7108.57976582042,6717,71.0857976582042,80.61
501,81004,17652,4611.1981186298,"6790,6791,6792",46.111981186298,382.81
502,81013,2003,2998.51607330571,6630,29.9851607330571,66.8
503,81015,8462,5262.18210035164,"6780,6781,6782",52.6218210035164,160.81
504,82003,16785,17302.85494164027,6600,173.0285494164027,97.01
505,82005,3739,9166.10144443975,"6686,6687,6688",91.6610144443975,40.79
506,82009,2435,7478.8794325127,6637,74.788794325127,32.56
507,82014,5292,16741.4313573564,"6660,6661,6662,6663,6666",167.414313573564,31.61
508,82032,7942,14070.31497835689,"6690,6692,6698",140.7031497835689,56.45
509,82036,6143,13571.96533686975,"6640,6642",135.71965336869752,45.26
510,82037,5483,16535.67322239717,"6670,6671,6672,6673,6674",165.3567322239717,33.16
511,82038,2666,9794.58076757199,"6680,6681",97.9458076757199,27.22
512,83012,11507,15708.13828429558,"6940,6941",157.0813828429558,73.26
513,83013,3334,7889.36763738889,6997,78.89367637388891,42.26
514,83028,5722,5702.4388672087,6990,57.024388672087,100.34
515,83031,4161,14852.96546051239,"6980,6982,6983,6984,6986",148.5296546051239,28.01
516,83034,17897,12207.4318921785,6900,122.074318921785,146.61
517,83040,5695,11311.46036498292,"6950,6951,6952,6953",113.1146036498292,50.35
518,83044,2679,6923.31562679688,6987,69.2331562679688,38.7
519,83049,2882,9195.11499302033,"6970,6971,6972",91.9511499302033,31.34
520,83055,3703,12018.21025760585,6960,120.1821025760585,30.81
521,84009,8994,13849.129067146041,6880,138.4912906714604,64.94
522,84010,5400,14864.53211531097,"6830,6831,6832,6833,6834,6836,6838",148.6453211531097,36.33
523,84016,1415,5686.99573075949,6929,56.869957307594895,24.88
524,84029,1728,5842.09984930653,6887,58.4209984930653,29.58
525,84033,5746,17372.56017051045,6860,173.72560170510448,33.08
526,84035,5381,14058.3254310822,6890,140.58325431082199,38.28
527,84043,8186,11445.94388345094,6840,114.4594388345094,71.52
528,84050,5515,11125.4518422825,"6850,6851,6852,6853,6856",111.254518422825,49.57
529,84059,5741,11199.07642276211,6870,111.9907642276211,51.26
530,84068,2523,5695.285760056539,6927,56.952857600565395,44.3
531,84075,3186,6786.57118111054,"6920,6921,6922,6924",67.8657118111054,46.95
532,84077,11840,17921.27517893053,6800,179.2127517893053,66.07
533,85007,5274,11406.4211496716,"6810,6811,6812,6813",114.064211496716,46.24
534,85009,6063,7943.6275434092495,"6740,6741,6742,6743",79.4362754340925,76.33
535,85011,5838,14806.75808229506,"6820,6821,6823,6824",148.06758082295062,39.43
536,85024,2818,5496.9800981561,6769,54.969800981561,51.26
537,85026,4675,3537.17835885855,6750,35.3717835885855,132.17
538,85034,3742,3625.1175941185,6747,36.251175941185004,103.22
539,85039,4512,8188.32630759786,6730,81.8832630759786,55.1
540,85045,11416,9562.70353870168,"6760,6761,6762",95.6270353870168,119.38
541,85046,8699,10351.62673892429,"6720,6721,6723,6724",103.5162673892429,84.04
542,85047,2141,2809.71292747284,6767,28.0971292747284,76.2
543,91005,7199,6602.95710073838,5537,66.02957100738381,109.03
544,91013,9460,17462.96975012319,"5570,5571,5572,5573,5574,5576",174.6296975012319,54.17
545,91015,3471,10954.93600926608,5555,109.5493600926608,31.68
546,91030,17103,14787.20484078812,5590,147.8720484078812,115.66
547,91034,13296,10004.88004308747,"5500,5501,5502,5503,5504",100.0488004308747,132.9
548,91054,4686,15156.22346552504,5575,151.5622346552504,30.92
549,91059,7528,7659.87920609822,"5360,5361,5362,5363,5364",76.59879206098219,98.28
550,91064,5314,10473.33539104228,"5370,5372,5374,5376",104.73335391042279,50.74
551,91072,5116,12284.90541610073,"5560,5561,5562,5563,5564",122.8490541610073,41.64
552,91103,3277,6567.33570473797,"5520,5521,5522,5523,5524",65.67335704737971,49.9
553,91114,12615,16634.52498803222,5580,166.3452498803222,75.84
554,91120,6019,9523.64346338524,5377,95.23643463385241,63.2
555,91141,9233,5710.63963975153,5530,57.106396397515304,161.68
556,91142,6168,5659.23438409757,"5540,5541,5542,5543,5544",56.5923438409757,108.99
557,91143,2505,10140.7359558795,5550,101.407359558795,24.7
558,92003,28114,8611.1496357583,5300,86.11149635758301,326.48
559,92006,7321,7852.83622340323,"5330,5332,5333,5334,5336",78.5283622340323,93.23
560,92035,16705,10321.98070285341,5310,103.2198070285341,161.84
561,92045,8115,3912.4447793216,5150,39.124447793216,207.42
562,92048,10453,6330.64690698934,5070,63.3064690698934,165.12
563,92054,7392,6502.93617846262,5340,65.0293617846262,113.67
564,92087,13465,11696.71878400799,"5640,5641,5644,5646",116.9671878400799,115.12
565,92094,113286,17592.99990017667,"5000,5001,5002,5003,5004,5020,5021,5022,5024,5100,5101",175.9299990017667,643.93
566,92097,5206,5667.58453218545,"5350,5351,5352,5353,5354",56.6758453218545,91.86
567,92101,12349,5037.37503175528,5170,50.373750317552805,245.15
568,92114,8438,3588.7822966411,5140,35.887822966411,235.12
569,92137,28392,3427.13767138987,5060,34.2713767138987,828.45
570,92138,8221,6582.21052545143,5380,65.8221052545143,124.9
571,92140,19257,4694.39400991527,5190,46.9439400991527,410.21
572,92141,9292,5304.33416689963,"5080,5081",53.0433416689963,175.18
573,92142,26517,9647.89577025467,"5030,5031,5032",96.47895770254671,274.85
574,93010,4995,8344.30374633308,5630,83.44303746333081,59.86
575,93014,14000,20697.03796303054,5660,206.9703796303054,67.64
576,93018,2995,8412.18286704264,5680,84.12182867042641,35.6
577,93022,11339,13417.67604370661,"5620,5621",134.1767604370661,84.51
578,93056,9381,15735.45546595811,5600,157.3545546595811,59.62
579,93088,18398,12364.42322615408,"5650,5651",123.64423226154081,148.8
580,93090,5640,12121.8447645648,5670,121.218447645648,46.53
